{"loss": [1.9855045080184937, 1.4149751663208008, 1.1313176155090332, 0.9526560306549072, 0.8124155402183533, 0.6948494911193848, 0.5944244265556335, 0.501573920249939, 0.4169277846813202, 0.37853074073791504, 0.29086950421333313, 0.2579585611820221, 0.23316766321659088, 0.20537398755550385, 0.1818813979625702, 0.1524045318365097, 0.13218937814235687, 0.12798500061035156, 0.12297475337982178, 0.09328261762857437, 0.09863785654306412, 0.09257016330957413, 0.06892210245132446, 0.08278128504753113, 0.08262306451797485, 0.07003578543663025, 0.05485684052109718, 0.06303419917821884, 0.04531971365213394, 0.05875907093286514], "accuracy": [0.2772120237350464, 0.5035893321037292, 0.6095158457756042, 0.6782971620559692, 0.7246243953704834, 0.7637729644775391, 0.7959098219871521, 0.832136869430542, 0.8587645888328552, 0.8731218576431274, 0.9035058617591858, 0.9146077036857605, 0.9222036600112915, 0.9299666285514832, 0.940901517868042, 0.9506677985191345, 0.957429051399231, 0.9573456048965454, 0.9560934901237488, 0.9701168537139893, 0.9669449329376221, 0.9705342054367065, 0.9766277074813843, 0.9716193675994873, 0.9726210236549377, 0.9766277074813843, 0.9814690947532654, 0.9793822765350342, 0.9849749803543091, 0.9813856482505798], "val_loss": [1.5778003931045532, 1.1550743579864502, 1.121050477027893, 0.8457708358764648, 0.7829079031944275, 0.6815207600593567, 0.6440678834915161, 0.5981977581977844, 0.6984372735023499, 0.46231400966644287, 0.48003825545310974, 0.4467218816280365, 0.42390117049217224, 0.5177944302558899, 0.41322916746139526, 0.46818989515304565, 0.4006893038749695, 0.35757976770401, 0.4082881510257721, 0.36386242508888245, 0.3918434977531433, 0.37360474467277527, 0.42550021409988403, 0.41546300053596497, 0.39609768986701965, 0.3867960572242737, 0.39450493454933167, 0.340709388256073, 0.47136732935905457, 0.39106082916259766], "val_accuracy": [0.44173622131347656, 0.601669430732727, 0.6023372411727905, 0.7125208973884583, 0.7342237234115601, 0.7702838182449341, 0.7909849882125854, 0.8076794743537903, 0.7706177234649658, 0.8480801582336426, 0.8534223437309265, 0.86711186170578, 0.8747913241386414, 0.8577629327774048, 0.8777963519096375, 0.8661102056503296, 0.8898163437843323, 0.9035058617591858, 0.8724541068077087, 0.8928213715553284, 0.8928213715553284, 0.9041736125946045, 0.8941569328308105, 0.8961602449417114, 0.8981636166572571, 0.9021703004837036, 0.9098497629165649, 0.9105175137519836, 0.8928213715553284, 0.8941569328308105]}